X,Y,fid,fclass,population,name,icon_url
5.5324465,22.7854543,"1",town,"92635",Tamanrasset,./0.png
2.4826132,27.1950331,"2",town,"32518",In Salah,./1.png
3.470596,36.758882,"3",town,"41685",Boumerdès,./1.png
3.556935,36.724986,"4",town,"21439",Thenia,./2.png
3.6012209,36.7864064,"5",town,"26408",Zemmouri,./2.png
3.5967523,36.5644827,"6",town,"59746",Lakhdaria ⵍⴻⵅⴹⴰⵔⵉⵢⴰ  At Ulmu  الأخضرية,./0.png
3.9587692,36.7333317,"7",town,"31382",Draâ Ben Khedda,./1.png
3.913104,36.915798,"8",town,"32954",Dellys,./1.png
2.8830889,30.5836683,"9",town,"40195",El Menia ⵍⴻⵎⵏⵉⵄⴰ المنيعة,./1.png
5.7717,19.5667239,"10",town,"7045",In Guezzam,./3.png
6.4421107,33.1105213,"11",town,"10330",Benaceur,./3.png
6.3527057,33.1267306,"12",town,"14179",M'Naguer,./4.png
4.5633795,35.0404431,"13",town,"0",Ben Srour,./3.png
2.6037738,35.5415407,"14",town,"13617",Chahbounia,./4.png
5.0644342,34.4254103,"15",town,"63237",Ouled Djellal,./0.png
0.2285923,29.2605117,"16",town,"33060",تيميمون,./1.png
3.1908953,36.747273,"17",town,"151950",Bordj El Kiffan,./0.png
3.050026,36.7394084,"18",town,"45345",Bir Mourad Raïs,./0.png
3.0299471,36.7689983,"19",town,"52582",El Biar,./0.png
3.1856596,36.721997,"20",town,"92000",Bab Ezzouar,./0.png
2.9753936,36.7796161,"21",town,"36191",Beni Messous,./1.png
2.9602382,36.7668415,"22",town,"80824",Chéraga,./0.png
2.9816495,36.7519699,"23",town,"35230",Dely Brahim,./1.png
2.9978257,36.7139578,"24",town,"0",Draria,./3.png
3.0265974,36.7024459,"25",town,"41690",Saoula,./1.png
3.0490708,36.7154602,"26",town,"77749",Birkhadem,./0.png
3.0801951,36.7024722,"27",town,"133247",Ain Naadja,./0.png
3.1374104,36.7212307,"28",town,"48869",El Harrach,./0.png
3.1126365,36.7200591,"29",town,"93289",Bachdjarrah,./0.png
2.9172738,36.1352805,"30",town,"60152",Berrouaghia,./0.png
2.750158,35.8863227,"31",town,"67813",Ksar El Boukhari,./0.png
3.0426168,36.8046778,"32",town,"43835",Bologhine,./0.png
-8.1397297,27.6718402,"33",town,"45966",Tinduf,./0.png
3.0497355,36.7906652,"34",town,"64732",Bab El Oued,./0.png
3.7175665,36.7432364,"35",town,"64820",Bordj Menaïel,./0.png
3.836858,36.7471933,"36",town,"22431",Naciria,./2.png
3.9012256,36.7446573,"37",town,"22838",Tadmaït,./2.png
6.6970014,36.2603681,"38",town,"90122",El Khroub,./0.png
3.0961318,36.6679961,"39",town,"116375",Baraki,./0.png
2.769126,36.6373657,"40",town,"54401",Kolea القليعة,./0.png
2.6899362,36.642758,"41",town,"41684",Bou Ismaïl,./1.png
2.9421031,36.6694089,"42",town,"0",Douera,./3.png
2.98177,36.6771868,"43",town,"27910",Khraïcia,./1.png
2.9125592,36.7079748,"44",town,"17105",Souidania,./4.png
2.8881755,36.75334,"45",town,"47664",Staoueli,./0.png
3.1565758,36.5627858,"46",town,"83819",Larbâa,./0.png
3.3718774,36.6368081,"47",town,"19356",Larbatache لربعطاش,./2.png
3.2222298,36.6198845,"48",town,"64978",Meftah,./0.png
3.0869346,36.5448652,"49",town,"51203",Bougara,./0.png
2.9918496,36.5322102,"50",town,"31070",Bouinan,./1.png
2.9084853,36.5184909,"51",town,"37461",Soumâa,./1.png
2.9128963,36.5755523,"52",town,"71446",Boufarik,./0.png
2.9985533,36.6449884,"53",town,"30575",Birtouta,./1.png
3.0076619,36.5780957,"54",town,"29660",Chebli,./1.png
3.0881462,36.6062538,"55",town,"0",Sidi Moussa سيدي موسى,./3.png
3.1013287,36.7412362,"56",town,"40698",Hussein Dey,./1.png
3.4433833,36.7547423,"57",town,"20705",Corso,./2.png
3.2824014,36.7364706,"58",town,"61984",Rouiba,./0.png
3.3421179,36.7387813,"59",town,"66215",Reghaïa,./0.png
3.408382,36.727203,"60",town,"71238",Boudouaou,./0.png
3.3384334,36.7130535,"61",town,"0",Ouled Haddadj,./3.png
3.3642924,36.6857409,"62",town,"45770",Ouled Moussa,./0.png
3.2579838,36.6808826,"63",town,"40546",Hammedi حمادي,./1.png
3.3085008,36.7727459,"64",town,"27565",H'raoua,./1.png
3.2926194,36.7912902,"65",town,"34501",Aïn Taya,./1.png
3.2501775,36.7907949,"66",town,"27900",Bordj El Bahri برج البحري,./1.png
2.9905236,36.7341624,"67",town,"41070",El Achour,./1.png
2.9216013,36.8038042,"68",town,"68354",Aïn Benian,./0.png
3.011517,36.8173356,"69",town,"28451",الرئيس حميدو,./1.png
2.9738147,36.8128133,"70",town,"23990",Hammamet,./2.png
4.6913091,36.6127914,"71",town,"13775",Sidi Aïch,./4.png
3.1681561,36.7044199,"72",town,"32062",Oued Smar,./1.png
-0.7539496,35.7400353,"73",town,"35687",Aïn Turk عين الترك,./1.png
-2.2245756,35.0822208,"74",town,"18000",Saïdia ⵙⵄⵉⴷⵉⵢⴰ السعيدية,./4.png
-2.100793,34.955281,"75",town,"19482",Ahfir ⴰⵃⴼⵉⵔ أحفير,./2.png
0.4611475,35.7309261,"76",town,"17442",El Matmar,./4.png
0.3571077,35.7217352,"77",town,"0",Yellel,./3.png
0.2069806,35.6883106,"78",town,"10043",El Ghomri,./3.png
0.0670398,35.5892003,"79",town,"84700",Mohammadia المحمدية,./0.png
1.1278681,36.0650746,"80",town,"51340",Boukadir,./0.png
1.1995738,36.101565,"81",town,"47248",Oued Sly وادي سلي,./0.png
2.7409097,36.4622287,"82",town,"34268",Chiffa,./1.png
2.6879953,36.4674416,"83",town,"52555",Mouzaïa,./0.png
2.6267421,36.46975,"84",town,"42465",El Affroun,./0.png
2.2196633,36.2601716,"85",town,"84574",Khemis Miliana,./0.png
1.9701666,36.2656797,"86",town,"65453",Aïn Defla,./0.png
1.8055909,36.2448216,"87",town,"21572",Rouina,./2.png
2.8206529,36.5374705,"88",town,"36228",Beni Tamou,./1.png
3.9007007,36.3739012,"89",town,"695585",Bouira,./0.png
4.0749566,36.312195,"90",town,"11775",Bechloul,./4.png
4.0130501,36.3212726,"91",town,"25458",El Asnam,./2.png
6.4969576,36.266467,"92",town,"36998",Aïn Smara,./1.png
6.570986,36.0375444,"93",town,"88441",Aïn Mlila,./0.png
7.1083637,36.7409382,"94",town,"56922",Azzaba,./0.png
6.8360907,36.6514052,"95",town,"48994",El Harrouch,./0.png
6.6330811,36.4446761,"96",town,"45000",Didouche Mourad,./0.png
6.6008903,36.4248981,"97",town,"79952",Hamma Bouziane,./0.png
6.2870618,36.2495545,"98",town,"0",Oued Athmania,./3.png
5.9857948,36.1192994,"99",town,"62000",Tadjenanet,./0.png
4.6294961,36.0632388,"100",town,"23101",El Achir,./2.png
4.2711718,36.3646864,"101",town,"25563",M'Chedallah,./2.png
4.1586858,36.3293456,"102",town,"18486",El Adjiba,./4.png
4.4000106,36.3885111,"103",town,"28891",Tazmalt,./1.png
4.5289243,36.4597538,"104",town,"52282",Akbou اقبو,./0.png
4.6125104,36.5406178,"105",town,"22719",إغزار أمقران,./2.png
4.8523757,36.6794351,"106",town,"29842",El Kseur,./1.png
2.4482509,36.5918179,"107",town,"25225",Tipaza,./2.png
3.0197169,36.759271,"108",town,"18838",Ben Aknoun,./2.png
-1.382036,35.3025458,"109",town,"42284",Béni-Saf,./1.png
-1.3667337,34.9506637,"110",town,"33356",Hennaya,./1.png
-1.3220383,34.6403022,"111",town,"39800",Sebdou,./1.png
-1.2576653,34.2240422,"112",town,"6673",El Aricha,./3.png
0.1443664,34.7609816,"113",town,"29022",Aïn El Hadjar,./1.png
-1.2486808,32.0501891,"114",town,"11209",Bani Wunif ⴱⵏⵉ ⵡⴻⵏⵏⵉⴼ بني ونيف,./3.png
-0.577859,32.7568151,"115",town,"54229",Aïn Sefra ⵄⵉⵏ ⵚⴻⴼⵔⴰ عين الصفراء,./0.png
-0.3110393,33.2647342,"116",town,"16251",Nâama,./4.png
-0.1306774,33.7636135,"117",town,"12074",El Biod,./4.png
0.087067,34.0405202,"118",town,"18568",Bougtob,./4.png
0.0886967,35.1178344,"119",town,"15901",Oued Taria,./4.png
0.1604511,35.2481745,"120",town,"28823",Ghriss,./1.png
0.0739093,35.3161396,"121",town,"12923",Tizi,./4.png
-0.1906822,35.5305119,"122",town,"70499",Sig سيق,./0.png
-0.0035725,35.8329584,"123",town,"11965",Stidia,./4.png
0.2734995,36.1052802,"124",town,"13607",Ben Abdelmalek Ramdane,./4.png
0.3256437,36.0953239,"125",town,"17330",Hadjadj,./4.png
0.4406587,36.1643449,"126",town,"34612",Sidi Lakhdar,./1.png
0.9161822,36.4038198,"127",town,"10807",El Marsa المرسى,./3.png
1.3078072,36.5080818,"128",town,"35459",Tenes تنس,./1.png
1.5692626,36.5304451,"129",town,"20853",Beni Haoua بنى حواء,./2.png
1.705542,36.5487451,"130",town,"17111",Damous,./4.png
1.9059603,36.5718933,"131",town,"20144",Gouraya,./2.png
2.1224482,36.5833351,"132",town,"15281",Sidi Ghiles,./4.png
2.1901982,36.6075021,"133",town,"48056",Cherchell,./0.png
2.5324546,36.5625526,"134",town,"11062",Sidi Rached,./3.png
3.720138,36.8779905,"135",town,"21966",Cap Djinet,./2.png
4.126179,36.8926614,"136",town,"0",Tigzirt,./3.png
5.1574875,36.668951,"137",town,"16546",Tichy,./4.png
5.2453122,36.6376518,"138",town,"15989",Aokas,./4.png
5.3365523,36.6251894,"139",town,"14045",Souk El Tenine,./4.png
5.3626372,36.6403282,"140",town,"11396",Melbou,./3.png
5.4808312,36.6721506,"141",town,"12642",Ziama Mansouriah,./4.png
5.6114699,36.7716565,"142",town,"13273",El Aouana العوانة,./4.png
5.8136168,36.7701723,"143",town,"26137",Kaous,./2.png
5.897589,36.7712912,"144",town,"77367",Taher,./0.png
6.051473,36.853261,"145",town,"10153",Sidi Abdelaziz,./3.png
6.2744614,36.7514104,"146",town,"83931",El Milia,./0.png
8.4420993,36.8953504,"147",town,"28411",القالة,./1.png
8.3825736,36.7865309,"148",town,"16285",عين العسل,./4.png
8.3169418,36.7667186,"149",town,"25594",الطارف,./2.png
8.1990268,36.7855823,"150",town,"17738",Bouteldja,./4.png
7.9053142,36.7704579,"151",town,"33262",Ben M'hidi,./1.png
7.4597229,36.8353153,"152",town,"22631",Berrahal,./2.png
7.2219657,36.7331778,"153",town,"15725",Aïn Charchar,./4.png
5.7092844,35.2231152,"154",town,"11415",El Kantara,./3.png
6.8931785,36.755281,"155",town,"27194",Ramdane Djamel,./2.png
-0.4241977,35.782484,"156",town,"42688",Gdyel قديل,./0.png
-0.3765323,35.8006933,"157",town,"12836",Hassi Mefsoukh,./4.png
0.1751507,26.7207267,"158",town,"20402",Reggane,./2.png
0.9540403,21.3302568,"159",town,"16437",Bordj Badji Mokhtar,./4.png
1.9065264,27.1018319,"160",town,"0",In Ghar,./3.png
1.0786817,26.9722077,"161",town,"21723",Aoulef ⴰⵡⵍⴻⴼ اولف,./2.png
-0.267936,35.805837,"162",town,"0",Bethioua,./3.png
-2.7104418,31.0274839,"163",town,"13636",Abadla ⵄⴱⴰⴷⵍⴰ العبادلة,./4.png
4.7759349,35.6927204,"164",town,"0",Ouled Derradj,./3.png
5.0344441,35.654979,"165",town,"23620",Berhoum,./2.png
5.1014147,35.6163647,"166",town,"39250",Magra,./1.png
-0.2426616,35.2355377,"167",town,"29696",سفيزف,./1.png
-0.8889946,35.0256882,"168",town,"8500",Hassi Zehana,./3.png
-0.9165478,34.9525879,"169",town,"20346",Ben Badis,./2.png
-1.0281674,34.904794,"170",town,"26389",Ouled Mimoun,./2.png
-1.530335,34.8260248,"171",town,"28555",Sabra,./1.png
3.7803723,35.8838359,"172",town,"72062",Sidi Aïssa,./0.png
3.691797,36.147376,"173",town,"50120",Sour El Ghozlane,./0.png
3.5850113,36.2628812,"174",town,"11016",Bir Ghbalou,./3.png
3.3097893,36.4127653,"175",town,"27919",Tablat,./1.png
3.8821519,35.6746597,"176",town,"33046",Aïn El Hadjel,./1.png
7.6694143,35.6291407,"177",town,"28315",Meskiana,./1.png
7.1150645,35.8687758,"178",town,"88359",Oum El Bouaghi,./0.png
6.8759954,35.9735846,"179",town,"0",Aïn Fakroun,./3.png
6.7854947,36.1239401,"180",town,"17598",Sigus,./4.png
4.2086164,36.6789662,"181",town,"17161",Tizi Rached,./4.png
4.2681185,36.6876391,"182",town,"24237",Mekla,./2.png
4.3194454,36.757399,"183",town,"24228",Freha,./2.png
4.3716399,36.744738,"184",town,"34683",Azazga,./1.png
4.6734299,36.6929171,"185",town,"13067",Adekkar,./4.png
-0.5715147,34.7797863,"186",town,"44000",Telagh تلاغ,./0.png
-0.8172962,34.501464,"187",town,"14862",Ras El Ma,./4.png
4.3111366,36.5704326,"188",town,"20401",Aïn El Hammam,./2.png
4.2028466,36.6374918,"189",town,"29376",Larbâa n Ath Irathen,./1.png
0.2457041,35.3782884,"190",town,"10473",Maoussa,./3.png
0.3292328,35.4143144,"191",town,"62210",Tighennif,./0.png
0.6833572,35.1072931,"192",town,"34124",Takhemaret,./1.png
0.8856345,35.0554796,"193",town,"15482",Aïn El Hadid,./4.png
1.0566092,35.0655965,"194",town,"54162",Frenda فرندة,./0.png
1.4746045,35.4167989,"195",town,"24983",Dahmouni,./2.png
1.810476,35.604813,"196",town,"75197",Tissemsilt,./0.png
2.0240828,35.8739691,"197",town,"30777",Theniet El Had,./1.png
6.9953023,33.5630338,"198",town,"31784",Hassi Khelifa,./1.png
6.9376019,33.5059503,"199",town,"25158",Debila,./2.png
6.8948804,33.4771663,"200",town,"22755",Hassani Abdelkrim,./2.png
6.399809,33.0829494,"201",town,"20174",Taïbet,./2.png
8.0102728,35.6717654,"202",town,"17238",Morsott,./4.png
7.8212383,36.0773091,"203",town,"41243",M'Daourouch,./1.png
7.8387478,36.3565124,"204",town,"21802",Mechroha,./2.png
7.7290561,36.4704821,"205",town,"25443",Boucheghouf,./2.png
7.7470888,36.6851201,"206",town,"37686",Drean,./1.png
7.7407291,36.755843,"207",town,"23135",Chebaïta Mokhtar,./2.png
7.7371328,36.8039598,"208",town,"0",El Hadjar,./3.png
7.7413708,36.8548275,"209",town,"125265",El Bouni,./0.png
0.0734609,35.8607135,"210",town,"32903",Hassi Mameche,./1.png
0.0444501,35.8037574,"211",town,"14530",Aïn Nouissy,./4.png
-0.0167043,35.7519675,"212",town,"16543",Fornaka,./4.png
2.2973227,36.2483226,"213",town,"21565",Aïn Soltane,./2.png
2.4153796,36.2192263,"214",town,"30170",Djendel,./1.png
2.5656189,36.2321878,"215",town,"18000",Ouamri,./4.png
3.1265784,36.2147224,"216",town,"17803",Sidi Naâmane سيدي نعمان,./4.png
3.3104153,36.230723,"217",town,"33779",Beni Slimane,./1.png
3.6735417,36.2929113,"218",town,"42635",Aïn Bessam,./0.png
1.3052519,36.4649578,"219",town,"26595",Sidi Akacha سيدي عكاشة,./2.png
1.1938241,36.4145938,"220",town,"22756",Abou El Hassen أبو الحسن,./2.png
1.2343427,36.2308944,"221",town,"0",Ouled Fares أولاد فارس,./3.png
1.2491044,36.1929178,"222",town,"71408",Chettia الشطية,./0.png
6.9450327,36.231004,"223",town,"0",Aïn Abid,./3.png
7.164528,36.3130761,"224",town,"32870",Oued Zenati,./1.png
7.4763788,36.4634182,"225",town,"17649",Belkheir,./4.png
7.5143095,36.4604068,"226",town,"18706",Boumahra Ahmed,./2.png
7.4423038,36.5057901,"227",town,"26328",Héliopolis,./2.png
3.8578153,36.816884,"228",town,"0",Baghlia,./3.png
5.3063118,36.564307,"229",town,"14146",Darguina,./4.png
5.2771041,36.4936262,"230",town,"35077",Kherrata,./1.png
5.4134576,36.3870211,"231",town,"13411",Amoucha,./4.png
6.2603141,36.5189042,"232",town,"23088",Sidi Merouane,./2.png
6.3261322,36.5152648,"233",town,"42062",Grarem Gouga,./1.png
5.2904883,35.8520786,"234",town,"0",صالح باي,./3.png
5.2959232,35.9231689,"235",town,"51207",Aïn Oulmane,./0.png
4.0867217,36.555223,"236",town,"15771",Ouadhia,./4.png
4.011092,36.5438917,"237",town,"32683",Mechtras,./1.png
3.8380358,36.5350648,"238",town,"38886",Draa El Mizan,./1.png
5.7939424,34.8447307,"239",town,"13699",Chetma,./4.png
6.3449818,35.258514,"240",town,"30207",Arris,./1.png
6.2536097,35.4860091,"241",town,"27493",Tazoult,./1.png
7.3548369,35.2972988,"242",town,"24923",Ouled Rechache,./2.png
7.2115567,35.3751785,"243",town,"38706",El Mahmal,./1.png
7.2581916,36.0815345,"244",town,"0",Ksar Sbahi,./3.png
6.4333418,36.746257,"245",town,"0",Aïn Kechra,./3.png
6.6427952,36.8361791,"246",town,"51262",Tamalous,./0.png
-1.6382574,34.8936813,"247",town,"11444",Hammam Boughrara,./3.png
-1.1457771,35.3048421,"248",town,"75558",Ain Temouchent ⵉⵏ ⵜⵉⵎⵓⵛⴻⵏⵜ عين تموشنت,./0.png
-1.1815248,35.3042768,"249",town,"14086",سيدي بن عدة,./4.png
6.1673286,36.1605629,"250",town,"82560",Chelghoum Laïd,./0.png
1.022228,33.681782,"251",town,"91632",El Bayadh,./0.png
2.2674341,35.8652978,"252",town,"10194",Taza - Bordj El Emir Abdelkader,./3.png
3.1513673,35.8905415,"253",town,"15416",Aïn Boucif,./4.png
3.4140092,35.9396178,"254",town,"57300",Chellalet El Adhaoura,./0.png
4.374637,35.9280639,"255",town,"39850",Hammam Dhalaa,./1.png
3.0270877,36.2671619,"256",town,"20705",El Omaria,./2.png
1.6854432,36.2750279,"257",town,"40697",El Abadia,./1.png
2.3058921,36.5424676,"258",town,"13332",Sidi Amar,./4.png
2.4142888,36.5121198,"259",town,"48561",Hadjout,./0.png
3.6960743,36.6363259,"260",town,"0",Chaâbet El Ameur,./3.png
3.7742759,36.5872274,"261",town,"0",Tizi Ghenif,./3.png
4.1634964,34.8470491,"262",town,"55000",Aïn El Melh,./0.png
4.6894642,36.5472337,"263",town,"20573",Seddouk,./2.png
4.7560274,36.507327,"264",town,"13412",Trouna,./4.png
4.8557425,36.4422585,"265",town,"14528",Beni Ouartilane,./4.png
5.0548526,36.3222697,"266",town,"15853",Hammam Guergour,./4.png
5.0895897,36.3322264,"267",town,"22490",Bougaa,./2.png
4.9036535,36.6439022,"268",town,"37562",Amizour,./1.png
4.9693825,36.5734726,"269",town,"16901",Barbacha,./4.png
5.1012394,36.4941296,"270",town,"0",Bouandas,./3.png
5.2953337,36.3000482,"271",town,"16770",Aïn Abessa,./4.png
5.487335,36.0908409,"272",town,"33685",Guijel,./1.png
5.8083856,35.9767593,"273",town,"13439",Hammam Sokhna,./4.png
6.0012835,35.8596869,"274",town,"15704",Aïn Djasser,./4.png
6.1850558,35.6925612,"275",town,"15445",Seriana,./4.png
4.8411698,36.2677309,"276",town,"10296",Bordj Zemmoura,./3.png
4.8370281,36.3191815,"277",town,"1844",Guenzet,./3.png
5.7909778,36.6605708,"278",town,"15682",Texenna,./4.png
5.6490139,36.4645062,"279",town,"8196",Beni Aziz,./3.png
5.913138,35.6320555,"280",town,"38656",Merouana,./1.png
5.9953423,35.6448731,"281",town,"20288",Oued El Ma,./2.png
5.6515672,35.6758524,"282",town,"22551",Ras El Aioun,./2.png
5.5525246,35.5051588,"283",town,"8474",Boumagueur,./3.png
5.6108516,35.5547284,"284",town,"29504",N'Gaous,./1.png
6.262331,36.451941,"285",town,"69052",Mila,./0.png
6.1218697,36.4296241,"286",town,"19739",Oued Endja,./2.png
5.9419603,36.4073812,"287",town,"50167",Ferdjioua,./0.png
6.4720589,36.3829267,"288",town,"18861",Ibn Ziad,./2.png
7.1054786,35.1688559,"289",town,"34844",Babar,./1.png
7.5278729,36.3681295,"290",town,"10382",Khezara,./3.png
7.53412,36.1356466,"291",town,"53218",Sedrata,./0.png
7.3040428,36.7032027,"292",town,"0",Bekouche Lakhdar,./3.png
8.042039,36.167061,"293",town,"18933",Taoura,./2.png
8.3547342,36.2220401,"294",town,"17500",ساقية سيدي يوسف,./4.png
8.1369011,35.9445854,"295",town,"52737",Ouenza,./0.png
8.2603257,35.6480159,"296",town,"20170",Aïn Zerga,./2.png
6.5047333,34.6830199,"297",town,"21541",Zeribet El Oued,./2.png
5.9107849,34.7497613,"298",town,"33509",Sidi Okba,./1.png
7.7527115,35.2706778,"299",town,"75344",Cheria الشريعة,./0.png
7.8454765,36.7008806,"300",town,"46341",Besbes,./0.png
6.5842202,36.9304439,"301",town,"27177",Kerkera,./2.png
6.4146079,35.4323373,"302",town,"18116",Oued Taga,./4.png
6.4705695,35.4938565,"303",town,"11828",Timgad,./4.png
6.9235555,35.4956337,"304",town,"34383",Kaïs,./1.png
6.8087111,35.5107604,"305",town,"10748",Taouzient,./3.png
3.9068512,35.3814589,"306",town,"0",Sidi Ameur,./3.png
3.3640573,35.3506602,"307",town,"30451",Had Sahary,./1.png
1.1302226,35.7813973,"308",town,"12253",Aïn Tarek,./4.png
1.1081265,35.8702048,"309",town,"28962",Ammi Moussa,./1.png
0.7483582,36.1246927,"310",town,"30744",Mediouna,./1.png
0.8442389,36.1433373,"311",town,"20096",Sidi M'hamed Ben Ali,./2.png
0.8801926,36.1262742,"312",town,"26044",Mazouna,./2.png
0.294879,35.9990969,"313",town,"38823",Aïn Tedles,./1.png
0.4206226,36.0997945,"314",town,"37230",Sidi Ali,./1.png
1.496745,35.186167,"315",town,"0",Sougueur السوقر,./3.png
1.5507838,34.846403,"316",town,"28595",Aïn Deheb,./1.png
0.7594249,35.7205041,"317",town,"30027",Zemmora,./1.png
0.8644816,35.6507899,"318",town,"15127",Mendes,./4.png
1.0237833,35.53032,"319",town,"24983",Rahouia,./2.png
0.687517,35.4552913,"320",town,"21278",Oued El Abtal,./2.png
-0.208054,34.921672,"321",town,"17355",Youb,./4.png
0.475625,34.9895932,"322",town,"19711",Balloul,./2.png
-0.9711585,35.3790296,"323",town,"35158",حمام بوحجر,./1.png
-1.0959775,35.3899817,"324",town,"18944",المالح,./2.png
-1.1020618,35.3367018,"325",town,"14730",Chaâbat El Leham,./4.png
-0.2588196,35.5621748,"326",town,"11140",Oggaz عقاز,./3.png
-0.5120201,35.3671349,"327",town,"16013",Aïn El Berd,./4.png
-0.410225,35.517616,"328",town,"21850",Zahana,./2.png
-0.567467,35.260678,"329",town,"10371",Sidi Brahim,./3.png
-1.9323444,34.9431769,"330",town,"0",Sidi Boudjenane,./3.png
-1.74805,35.0107602,"331",town,"32498",Nedroma,./1.png
6.3581086,36.1180204,"332",town,"48028",Teleghma,./0.png
6.7022898,35.9233662,"333",town,"32377",Aïn Kercha,./1.png
5.0319396,35.9445677,"334",town,"51482",Ras El Oued,./0.png
5.0769769,36.396686,"335",town,"15715",Maoklane,./4.png
4.470196,36.3378593,"336",town,"9526",Ighil Ali,./3.png
4.4866713,36.368882,"337",town,"14563",Guendouz قندوز,./4.png
4.669174,36.1311024,"338",town,"22402",Medjana,./2.png
2.5312873,34.4486677,"339",town,"0",El Idrissia,./3.png
3.2238301,34.3550616,"340",town,"28406",Aïn El Ibel,./1.png
3.784909,34.5286598,"341",town,"32501",Faïdh El Botma,./1.png
4.0907504,34.9930304,"342",town,"13948",Djebel Messaad,./4.png
4.0879174,35.1308796,"343",town,"0",El Hamel الهامل,./3.png
0.5463928,32.896484,"344",town,"24949",El Abiodh Sidi Cheikh الأبيض سيدي الشيخ,./2.png
-2.2043971,35.0817992,"345",town,"6212",Marsa Ben M'Hidi مرسى بن مهيدي,./3.png
-2.0995852,34.9747704,"346",town,"0",Boukanoun بوكانون,./3.png
-1.9158423,34.9221475,"347",town,"9513",Souani السواني,./3.png
5.4095661,36.2837674,"348",town,"18087",El Ouricia,./4.png
5.5069356,36.3648446,"349",town,"24075",Aïn El Kebira,./2.png
0.2566146,35.7502319,"350",town,"31469",Bouguirat,./1.png
0.1693314,35.8372794,"351",town,"25196",Mesra,./2.png
-0.1652125,35.7948853,"352",town,"13153",Mers El Hadjadj,./4.png
-0.5300619,35.0199515,"353",town,"10049",Tenira,./3.png
3.265101,36.1255019,"354",town,"15536",Souagui السواقي,./4.png
2.5646996,36.4773708,"355",town,"29566",Ahmer El Aïn,./1.png
5.3830752,34.73212,"356",town,"55809",Tolga,./0.png
6.0604297,31.6957444,"357",town,"45147",Hassi Messaoud,./0.png
2.9694782,19.9541906,"358",town,"8700",Tinzaouatine,./3.png
5.7371562,36.3146187,"359",town,"24145",Djemila,./2.png
5.8941024,36.3959678,"360",town,"21013",Aïn Beida Harriche,./2.png
5.8787288,36.5016155,"361",town,"17378",Tassadane Haddada,./4.png
8.0346837,35.7449518,"362",town,"10701",Boukhadra,./3.png
7.8727514,36.8303087,"363",town,"34378",Echatt,./1.png
-1.0145245,35.5248267,"364",town,"0",العمرية,./3.png
3.0401832,36.7474259,"365",town,"31133",Hydra,./1.png
2.7911348,33.7447402,"366",town,"10787",Kheneg,./3.png
3.0265016,35.0721457,"367",town,"86421",Hassi Bahbah,./0.png
2.8431693,35.7030326,"368",town,"13617",Boughezoul,./4.png
1.5480772,35.7480295,"369",town,"25217",Lardjem,./2.png
1.6170851,35.8505025,"370",town,"20864",Bordj Bou Naama,./2.png
2.3129403,35.2143453,"371",town,"52753",Ksar Chellala,./0.png
2.3093354,34.894093,"372",town,"18722",Zmalet El Emir Abdelkader,./2.png
2.886115,36.5264595,"373",town,"17297",Guerouaou,./4.png
-0.4671047,35.726419,"374",town,"13905",Hassi Ben Okba,./4.png
-0.4117684,35.6791406,"375",town,"11872",Boufatis,./4.png
-0.4186546,35.6937209,"376",town,"23254",Ben Freha,./2.png
-0.5798446,35.6186807,"377",town,"25636",El Kerma,./2.png
-0.6241804,35.6500999,"378",town,"97500",Es-Senia,./0.png
-0.4979622,35.6912811,"379",town,"63581",Hassi Bounif,./0.png
-0.4522604,35.5519239,"380",town,"19384",وادي تليلات,./2.png
-0.8998452,35.5729399,"381",town,"23920",Boutlélis بوتليليس,./2.png
-0.8811572,35.4058264,"382",town,"15683",عين الأربعاء,./4.png
3.5918611,36.6678481,"383",town,"23621",Beni Amrane,./2.png
-0.0885759,35.561548,"384",town,"11715",Bouhenni,./4.png
-1.6534421,35.178264,"385",town,"0",Honaine,./3.png
-1.505403,35.2332708,"386",town,"15972",Souk El Tenine سوق الإثنين,./4.png
-1.3296478,34.8730025,"387",town,"49150",Mansourah,./0.png
-1.3739319,35.0472865,"388",town,"13234",Aïn Youcef,./4.png
0.0729531,35.8964789,"389",town,"22016",Mazagran,./2.png
1.7549535,35.4305691,"390",town,"33082",Mahdia,./1.png
1.0544339,35.3848636,"391",town,"16077",مشرع الصفاء,./4.png
3.1153628,36.5534582,"392",town,"29291",Ouled Slama,./1.png
2.4517089,35.8239347,"393",town,"14000",Aziz,./4.png
3.6649705,36.7264659,"394",town,"32580",Isser,./1.png
3.8862283,36.6379122,"395",town,"20426",Aït Yahia Moussa,./2.png
-0.7085452,35.7277218,"396",town,"17957",Mers El Kebir المرسى الكبير,./4.png
2.7900902,36.6737396,"397",town,"22408",Douaouda,./2.png
2.742117,36.6615638,"398",town,"48959",Fouka,./0.png
3.1406529,33.787475,"399",town,"0",Ksar El Hirane,./3.png
7.2676947,36.4602654,"400",town,"16391",Hammam Debagh,./4.png
5.3746744,36.5721683,"401",town,"0",Tamridjet,./3.png
2.5546056,36.1655491,"402",town,"13353",Oued Chorfa,./4.png
2.0795157,36.2027341,"403",town,"36076",Djelida,./1.png
1.8482739,36.3050171,"404",town,"31073",El Amra,./1.png
1.5534446,36.1121742,"405",town,"28821",El Karimia,./1.png
1.3913824,36.1966757,"406",town,"21326",Oum Drou,./2.png
1.2761855,36.0238897,"407",town,"19952",Ouled Ben Abdelkader,./2.png
0.9758629,36.1620671,"408",town,"51326",Aïn Merane,./0.png
0.8518821,36.2545642,"409",town,"23802",Dahra,./2.png
2.6797524,36.625387,"410",town,"15128",Khemisti,./4.png
3.7639006,32.8256322,"411",town,"30200",Berriane,./1.png
3.7049786,32.4856037,"412",town,"35405",Bounoura,./1.png
3.7471239,32.476746,"413",town,"14752",El Atteuf,./4.png
5.3103251,32.1406831,"414",town,"0",N'Goussa,./3.png
5.3915209,31.9392925,"415",town,"19039",Aïn Beïda ⵄⵉⵏ ⵍⴱⴰⵢⴹⴰ عين البيضاء,./2.png
5.3498372,31.9239554,"416",town,"58112",Rouissat,./0.png
4.2268033,32.3936629,"417",town,"10161",Zelfana,./3.png
3.6082436,32.5348228,"418",town,"12643",Dhaïa Ben Dhahoua,./4.png
-1.9027416,35.0006208,"419",town,"6870",مزاورو,./3.png
2.4272954,36.4763774,"420",town,"19916",Merad,./2.png
0.4909404,35.3754274,"421",town,"23716",El Hachem,./2.png
0.141363,35.4247978,"422",town,"13364",Mamounia المامونية,./4.png
0.6639245,36.1115307,"423",town,"0",Beni Zentis,./3.png
0.6355803,36.2445994,"424",town,"34789",Achaacha,./1.png
5.894213,35.3752089,"425",town,"59904",Aïn Touta,./0.png
4.6855035,36.4450868,"426",town,"9123",Bouhamza بوحمزة,./3.png
3.9856422,36.612194,"427",town,"32121",Souk El Khemis,./1.png
4.0824933,36.6188796,"428",town,"21551",At Dwala,./2.png
4.039063,36.6370642,"429",town,"12117",Ait Zmenzer,./4.png
4.2049176,36.523854,"430",town,"10313",Ouacif,./3.png
3.8161128,36.2194302,"431",town,"0",El Hachimia الهاشمية,./3.png
7.0548176,36.8976496,"432",town,"28996",Filfila,./1.png
7.2917539,36.8600024,"433",town,"29162",Ben Azzouz,./1.png
7.0456039,36.4018393,"434",town,"10158",Bordj Sabat,./3.png
6.5133033,37.0017763,"435",town,"18759",Cheraïa,./2.png
6.3424894,36.9949643,"436",town,"10851",Ouled Attia,./3.png
6.6400608,36.626026,"437",town,"0",Beni Oulbane,./3.png
6.5758595,36.6889594,"438",town,"0",Oum Toub,./3.png
6.5668371,36.8081951,"439",town,"21629",Bin El Ouiden,./2.png
6.3925749,35.8953079,"440",town,"23988",Souk Naâmane,./2.png
6.1222084,36.5308069,"441",town,"23299",Bardo,./2.png
4.899182,35.8991893,"442",town,"26042",Bordj Ghedir,./2.png
4.63266,36.4774607,"443",town,"8602",Amalou,./3.png
4.6671349,36.3980867,"444",town,"0",Tamokra,./3.png
5.0378277,36.4988939,"445",town,"16095",Aïn Doukar,./4.png
4.9097421,36.5162044,"446",town,"0",Beni Mouhli,./3.png
4.8684047,36.4684262,"447",town,"13174",Beni Chebana,./4.png
4.8971215,36.7525317,"448",town,"9827",Toudja,./3.png
5.2295267,36.5466688,"449",town,"0",Targregt,./3.png
4.6974299,36.6663065,"450",town,"8400",Tifra ثيفرا,./3.png
4.768617,36.6657298,"451",town,"11825",Ilmaten,./4.png
4.5042534,36.4622509,"452",town,"12387",Ighram ⵉⴴⵔⴰⵎ اغرام,./4.png
4.8224282,36.6084692,"453",town,"13616",Semaoun,./4.png
5.0898734,36.6116043,"454",town,"0",Taguemmount,./3.png
4.8660488,36.5580756,"455",town,"15482",Feraoun,./4.png
-0.6228938,35.1361811,"456",town,"11293",Bellouladi,./3.png
5.9612456,36.7712723,"457",town,"26553",Chekfa,./2.png
6.3706722,35.6258746,"458",town,"18502",El Madher,./4.png
5.5597763,35.4379384,"459",town,"14327",Sefiane,./4.png
5.6322042,35.61043,"460",town,"12473",Ouled Si Slimane,./4.png
5.2676704,35.5082551,"461",town,"22124",Djezzar,./2.png
4.9718744,35.5393686,"462",town,"0",Aïn Khadra,./3.png
3.6793899,35.1467087,"463",town,"21058",Medjedel,./2.png
3.4897249,34.8972924,"464",town,"0",Dar Chioukh,./3.png
4.5309925,33.7200204,"465",town,"23051",أم العظام,./2.png
2.8610493,36.4970451,"466",town,"87131",Ouled Yaïch,./0.png
5.1029298,34.5975449,"467",town,"26455",الدوسن,./2.png
5.0005177,34.3915907,"468",town,"43315",Sidi Khaled,./0.png
6.0988647,35.2648362,"469",town,"13383",Bouzina,./4.png
6.5100105,35.3095106,"470",town,"10240",Ichemoul,./3.png
6.7466351,35.3188013,"471",town,"10614",Bouhmama,./3.png
7.6040482,36.0282758,"472",town,"15000",Oum El Adhaim,./4.png
6.7412657,35.9346179,"473",town,"23159",Hanchir Toumghani,./2.png
7.4688516,35.1887497,"474",town,"14789",El Ogla,./4.png
5.1546938,35.527774,"475",town,"27404",Belaiba,./2.png
4.1704228,35.300042,"476",town,"10716",Aïn Eddis,./3.png
6.7114196,33.5653009,"477",town,"40367",Reguiba,./1.png
6.8264542,33.4037855,"478",town,"10076",Kouinine,./3.png
6.7998514,33.4754769,"479",town,"43934",Taghzout,./0.png
6.7977914,33.4916197,"480",town,"39168",Guemar,./1.png
6.8885733,33.3278311,"481",town,"52000",Bayadha البياضة,./0.png
6.9040129,33.2894337,"482",town,"21965",Robbah الرباح,./2.png
6.9515739,33.2763121,"483",town,"12652",Nekhla النخلة,./4.png
6.930939,33.5625599,"484",town,"24577",Magrane,./2.png
-2.169031,30.1317426,"485",town,"12000",Béni Abbès بني عباس,./4.png
-2.432661,31.5545321,"486",town,"14060",Kenadsa القنادسة,./4.png
3.0584856,36.7763022,"487",town,"75541",Alger Centre,./0.png
3.0496319,36.7644238,"488",town,"67873",Sidi M'Hamed,./0.png
3.0430918,36.7853487,"489",town,"42182",Oued Koreiche وادي قريش,./1.png
-0.2871248,35.8133273,"490",town,"32611",Aïn El Bia,./1.png
2.8126394,36.4638905,"491",town,"35910",Bouarfa,./1.png
7.0836946,35.4642089,"492",town,"0",الحامة,./3.png
3.5518967,33.4165651,"493",town,"11204",Hassi Delaa,./3.png
6.5758657,36.253904,"494",town,"64120",Ali Mendjeli,./0.png
-1.7343057,34.4773665,"495",town,"0",Sidi Boubker ⵙⵉⴷⵉ ⴱⵓⴱⴽⵔ سيدي بوبكر,./3.png
-1.991664,34.859507,"496",town,"11083",Bni Drar ⴱⵏⵉ ⴷⵔⴰⵔ بني درار,./3.png
-1.5578444,35.083108,"497",town,"0",Bordj Arima,./3.png
-1.4318326,35.0617268,"498",town,"46999",Remchi,./0.png
9.5761505,28.0386648,"499",town,"7385",In Amenas ⵉⵏ ⴰⵎⴻⵏⴰⵙ عين أميناس,./3.png
9.484194,24.5538847,"500",town,"15000",Djanet,./4.png
4.8469931,22.8895834,"501",town,"0",Abalessa,./3.png
4.5855564,36.5126727,"502",town,"20000",Hellwan (Timegdal),./2.png
3.0895611,36.6960642,"503",town,"0",Gué de Constantine,./3.png
0.9180664,35.9607535,"504",town,"90685",Oued Rhiou,./0.png
2.9718223,36.6943783,"505",town,"23756",Baba Hassen,./2.png
8.1060862,36.5034174,"506",town,"20215",Bouhadjar,./2.png
2.8409208,36.7123553,"507",town,"51552",Zeralda,./0.png
3.2094611,36.7149768,"508",town,"80033",Dar El Beida,./0.png
4.4141916,36.3498654,"509",town,"0",Boudjellil بوجليل,./3.png
3.0500935,36.7474963,"510",town,"22813",El Mouradia,./2.png
6.701422,36.1788485,"511",town,"26132",Ouled Rahmoune,./2.png
2.8616102,36.523526,"512",town,"34860",Beni Mered,./1.png
6.929106,36.8441177,"513",town,"30404",Hammadi Krouma,./1.png
4.9782915,36.7106296,"514",town,"19345",وادي غير,./2.png
-0.313678,35.856348,"515",town,"85658",Arzew,./0.png
3.0783959,36.7442413,"516",town,"44050",Belouizdad,./0.png
4.4761469,36.6179239,"517",town,"24311",Bouzeguène,./2.png
2.7896358,36.5558374,"518",town,"40710",Oued El Alleug وادي العلايق,./1.png
3.0665715,36.7420067,"519",town,"40301",El Madania,./1.png
3.3317211,36.6505384,"520",town,"75962",Khemis El Khechna خميس الخشنة,./0.png
6.7091586,36.5327005,"521",town,"0",Zighoud Youcef,./3.png
1.5347489,36.185966,"522",town,"41710",Oued Fodda,./1.png
4.6643892,36.881989,"523",town,"0",Beni Ksila بني كسيلة,./3.png
6.8043312,36.7051396,"524",town,"20079",Emdjaz Edchich,./2.png
6.7218765,36.6782798,"525",town,"0",Sidi Mezghich,./3.png
2.226821,36.3047698,"526",town,"44201",Miliana,./0.png
2.0683322,36.2919441,"527",town,"24980",Arib,./2.png
1.6725159,36.2244328,"528",town,"57737",El Attaf,./0.png
6.012687,33.0104035,"529",town,"0",Tamacine,./3.png
5.9744271,32.9417127,"530",town,"14540",Blidet Amor,./4.png
5.5152002,32.6130464,"531",town,"14965",El Hadjira,./4.png
6.0932032,33.1930214,"532",town,"13751",Meggarine,./4.png
5.921089,33.9496809,"533",town,"49793",El M'Ghair,./0.png
5.9892386,33.5304325,"534",town,"50916",Djamâa,./0.png
6.8890251,36.8252292,"535",town,"18002",El Hadaïek,./4.png
5.8392064,36.1303925,"536",town,"24995",Bir El Arch,./2.png
9.8194482,28.6345729,"537",town,"0",Alrar ⴰⵍⵔⴰⵔ الرار,./3.png
0.7761842,35.9062679,"538",town,"20805",El Hamadna,./2.png
0.830558,35.9272152,"539",town,"33835",Djdiouia,./1.png
4.6977077,36.6995991,"540",town,"6653",Taourirt Ighil تاوريرت اغيل,./3.png
5.2759669,36.5476676,"541",town,"0",Bordj Mira,./3.png
-1.86322,35.093863,"542",town,"43774",Ghazaouet الغزوات,./0.png
3.6259116,32.2605169,"543",town,"50280",Metlili Chaanba,./0.png
0.3406103,28.7074429,"544",town,"11784",Aougrout ⴰⵡⴳⵔⵓⵜ أوقروت,./4.png
-0.3021104,27.6060965,"545",town,"0",Fenoughil,./3.png
-0.0251553,26.9612527,"546",town,"16683",سالي,./4.png
-0.2657533,27.7613334,"547",town,"0",تامنطيت,./3.png
-0.2161001,28.3509683,"548",town,"14895",Tsabit ⵜⵙⴰⴱⵉⵜ تسابيت,./4.png
5.3144869,36.1849367,"549",town,"43551",Ain Arnat,./0.png
2.4732963,36.3700317,"550",town,"21509",Boumedfaa,./2.png
4.4203917,36.8930725,"551",town,"16847",Azeffoun,./4.png
5.5111895,35.8178542,"552",town,"37970",Aïn Azal,./1.png
6.0111235,33.4972965,"553",town,"0",Sidi Amrane,./3.png
0.7128356,29.7026797,"554",town,"0",Zaouiet Debagh,./3.png
7.1397687,36.1599089,"555",town,"18894",Tamlouka,./2.png
6.8563693,36.7044252,"556",town,"29764",Salah Bouchaour,./1.png
8.479926,26.504191,"557",town,"17252",Illizi,./4.png
4.4882869,32.7885786,"558",town,"59514",القرارة,./0.png
1.2458048,34.8924859,"559",town,"15293",Medrissa,./4.png
2.9509064,36.7355249,"560",town,"27593",Ouled Fayet,./1.png
3.0166197,36.790372,"561",town,"83797",Bouzareah,./0.png
0.6816434,35.7959797,"562",town,"0",وادي الجمعة,./3.png
5.0275437,36.5405974,"563",town,"0",Tizi Tindjit,./3.png
3.0595865,36.7846766,"564",town,"36762",القصبة,./1.png
-0.0487475,35.3151335,"565",town,"18576",Bouhanifia ⴱⵓⵃⴰⵏⵉⴼⵉⵢⴰ بوحنيفية,./2.png
3.2244016,35.6337386,"566",town,"30913",Birine,./1.png
7.0042609,35.0383313,"567",town,"27428",Chechar,./2.png
-0.1933113,27.2300419,"568",town,"0",Zaouiet Kounta,./3.png
5.8486411,36.7518871,"569",town,"38468",Emir Abdelkader,./1.png
-0.2874884,27.8733807,"570",town,"64781",Adrar,./0.png
4.7103173,36.5637897,"571",town,"0",مسيسنة,./3.png
3.1469178,36.7288713,"572",town,"62555",Mohammadia المحمدية,./0.png
3.1085569,36.7313349,"573",town,"31453",El Magharia,./1.png
3.9571285,36.5407471,"574",town,"61263",Boghni,./0.png
7.7206192,36.8214092,"575",town,"83254",Sidi Amar,./0.png
2.5157705,35.4381272,"576",town,"13661",Sidi Ladjel,./4.png
4.1964738,36.5829452,"577",town,"0",Aït Yenni,./3.png
2.7870809,34.468187,"578",town,"0",Beni Yagoub,./3.png
9.1635246,31.5948858,"579",town,"3205",البرمة,./3.png
0.801238,35.7933416,"580",town,"12364",Beni Dergoun بني درقن,./4.png
-0.9542742,34.9299907,"581",town,"10286",Aïn Tallout,./3.png
6.0391589,36.4581588,"582",town,"27086",Rouached,./2.png
-0.5220152,35.6579939,"583",town,"114050",Sidi Chami,./0.png
-1.2910642,34.9207591,"584",town,"47600",Chetouane,./0.png
3.273666,32.9458855,"585",town,"22133",Hassi R'Mel,./2.png
-0.6944968,35.1651869,"586",town,"25000",Sidi Lahcene,./2.png
4.7739725,36.6155408,"587",town,"0",El Had الحد,./3.png
6.5700192,37.0066244,"588",town,"0",Collo,./3.png
